{"settings":{"opExample":[],"licence":"copyright","isPublic":true,"secret":null,"manualScreenshot":true},"ops":[{"opId":"b0472a1d-db16-4ba6-8787-f300fbdc77bb","objName":"Ops.Gl.MainLoop","id":"4ff7b23a-75dd-40af-94ab-5bdf27001fb9","uiAttribs":{"history":{"createdAt":1634129927678,"createdBy":{"name":"xcrisnax"},"lastInteractionAt":1634129927678,"lastInteractionBy":{"name":"xcrisnax"}},"subPatch":0,"translate":{"x":-168,"y":-240},"selected":false},"portsIn":[{"name":"FPS Limit","value":0},{"name":"Reduce FPS not focussed","value":true},{"name":"Reduce FPS loading","value":false},{"name":"Clear","value":true},{"name":"ClearAlpha","value":true},{"name":"Fullscreen Button","value":false},{"name":"Active","value":true},{"name":"Hires Displays","value":false}],"portsOut":[{"name":"trigger"},{"name":"width","value":640},{"name":"height","value":360}]},{"opId":"eaf4f7ce-08a3-4d1b-b9f4-ebc0b7b1cde1","objName":"Ops.Gl.Matrix.OrbitControls","id":"39477b80-6966-4e70-97fa-15d6e9d82582","uiAttribs":{"history":{"createdAt":1634129949497,"createdBy":{"name":"xcrisnax"},"lastInteractionAt":1634129949497,"lastInteractionBy":{"name":"xcrisnax"}},"subPatch":0,"translate":{"x":-168,"y":-20},"selected":false},"portsIn":[{"name":"render","links":[{"portIn":"render","portOut":"triggerAlways","objIn":"39477b80-6966-4e70-97fa-15d6e9d82582","objOut":"7d15e7b1-a2b0-455f-9f18-c629cbab93ce"}]},{"name":"min distance","value":0.05},{"name":"max distance","value":99999},{"name":"min rot y","value":0},{"name":"max rot y","value":0},{"name":"initial radius","value":0.05},{"name":"initial axis y","value":0.5},{"name":"initial axis x","value":0.25},{"name":"mul","value":1},{"name":"Smoothness","value":1},{"name":"Speed X","value":1},{"name":"Speed Y","value":1},{"name":"Active","value":true},{"name":"Allow Panning","value":true},{"name":"Allow Zooming","value":true},{"name":"Allow Rotation","value":true},{"name":"restricted","value":true},{"name":"Pointerlock","value":false},{"name":"Reset","value":0}],"portsOut":[{"name":"trigger"},{"name":"radius","value":0.05},{"name":"Rot X","value":90},{"name":"Rot Y","value":90}]},{"opId":"c1dd6e76-61b4-471a-b8d1-f550a5a9a4f4","objName":"Ops.Gl.Shader.MatCapMaterialNew_v3","id":"7167f84d-3837-4412-93b3-d7f697eb4b3b","uiAttribs":{"history":{"createdAt":1634129981217,"createdBy":{"name":"xcrisnax"},"lastInteractionAt":1634129981217,"lastInteractionBy":{"name":"xcrisnax"}},"subPatch":0,"translate":{"x":-168,"y":180},"selected":false},"portsIn":[{"name":"Render","links":[{"portIn":"Render","portOut":"trigger","objIn":"7167f84d-3837-4412-93b3-d7f697eb4b3b","objOut":"39477b80-6966-4e70-97fa-15d6e9d82582"}]},{"name":"MatCap","links":[{"portIn":"MatCap","portOut":"Texture","objIn":"7167f84d-3837-4412-93b3-d7f697eb4b3b","objOut":"96e63177-5b5d-4da8-9adf-71e7545a1cdb"}]},{"name":"Diffuse","value":0},{"name":"Normal","value":0},{"name":"Specular Mask","value":0},{"name":"Specular MatCap","value":0},{"name":"AO Texture","value":0},{"name":"Opacity Texture","value":0},{"name":"r","value":1},{"name":"g","value":1},{"name":"b","value":1},{"name":"Opacity","value":1},{"name":"AO Intensity","value":1},{"name":"Normal Map Intensity","value":1},{"name":"Repeat X","value":1},{"name":"Repeat Y","value":1},{"name":"Offset X","value":0},{"name":"Offset Y","value":0},{"name":"Screen Space Normals","value":false},{"name":"Calc normal tangents","value":true},{"name":"Opacity TexCoords Transform","value":false},{"name":"Discard Transparent Pixels","value":false},{"name":"Alpha Mask Source index","value":0},{"name":"Alpha Mask Source","value":"Luminance"}],"portsOut":[{"name":"Next"},{"name":"Shader"}]},{"opId":"790f3702-9833-464e-8e37-6f0f813f7e16","objName":"Ops.Gl.Texture_v2","id":"96e63177-5b5d-4da8-9adf-71e7545a1cdb","uiAttribs":{"history":{"createdAt":1634130021981,"createdBy":{"name":"xcrisnax"},"lastInteractionAt":1634148766021,"lastInteractionBy":{"name":"xcrisnax"}},"subPatch":0,"translate":{"x":-96,"y":60},"selected":false,"extendTitle":"autumn_leaves_PNG3582"},"portsIn":[{"name":"File","value":"/assets/6166d7bca5e5837f1f1c66b9/autumn_leaves_PNG3582.png","anim":{"keys":[{"t":-0.2,"v":0,"e":0},{"t":0.26666666666666666,"v":0,"e":0}],"loop":false},"display":"file"},{"name":"Filter index","value":0},{"name":"Filter","value":"mipmap"},{"name":"Wrap index","value":2},{"name":"Wrap","value":"repeat"},{"name":"Anisotropic index","value":0},{"name":"Anisotropic","value":"0"},{"name":"Flip","value":false},{"name":"Pre Multiplied Alpha","value":true},{"name":"Active","value":true}],"portsOut":[{"name":"Texture"},{"name":"Width","value":200},{"name":"Height","value":165},{"name":"Aspect Ratio","value":1.2121212121212122},{"name":"Loaded","value":true},{"name":"Loading","value":false}]},{"opId":"ec55d252-3843-41b1-b731-0482dbd9e72b","objName":"Ops.Gl.Shader.BasicMaterial_v3","id":"1e2a6576-5b22-4cdf-a91c-abe5b93a6cd7","uiAttribs":{"history":{"createdAt":1634130063480,"createdBy":{"name":"xcrisnax"},"lastInteractionAt":1634130539198,"lastInteractionBy":{"name":"xcrisnax"}},"subPatch":0,"translate":{"x":-408,"y":260},"selected":false},"portsIn":[{"name":"render","links":[{"portIn":"render","portOut":"Next","objIn":"1e2a6576-5b22-4cdf-a91c-abe5b93a6cd7","objOut":"7167f84d-3837-4412-93b3-d7f697eb4b3b"}]},{"name":"r","value":1},{"name":"g","value":0},{"name":"b","value":0},{"name":"a","value":1},{"name":"texture","value":0},{"name":"colorizeTexture","value":false},{"name":"textureOpacity","value":0},{"name":"Alpha Mask Source index","value":0},{"name":"Alpha Mask Source","value":"Luminance"},{"name":"Opacity TexCoords Transform","value":false},{"name":"Discard Transparent Pixels","value":false},{"name":"diffuseRepeatX","value":1},{"name":"diffuseRepeatY","value":1},{"name":"Tex Offset X","value":0},{"name":"Tex Offset Y","value":0},{"name":"Crop TexCoords","value":false},{"name":"billboard","value":false}],"portsOut":[{"name":"trigger","value":0},{"name":"shader"}]},{"opId":"18eb1e62-80fe-41ce-a57b-15653d00925b","objName":"Ops.Gl.SurfaceScatter_v2","id":"508af252-7846-4bb0-82d9-e204d8a4ea66","uiAttribs":{"history":{"createdAt":1634130161166,"createdBy":{"name":"xcrisnax"},"lastInteractionAt":1634130161166,"lastInteractionBy":{"name":"xcrisnax"}},"subPatch":0,"translate":{"x":48,"y":-100},"selected":false},"portsIn":[{"name":"Render","value":0},{"name":"draw","value":true},{"name":"Num","value":100},{"name":"Geom Surface","value":0},{"name":"Distribution index","value":0},{"name":"Distribution","value":"Vertex"},{"name":"Selection index","value":0},{"name":"Selection","value":"Random"},{"name":"Random Seed","value":0},{"name":"Size min","value":1},{"name":"Size max","value":1},{"name":"Limit","value":false},{"name":"Limit Num","value":0},{"name":"Random Rotate","value":true}],"portsOut":[{"name":"Next","value":0},{"name":"Positions"},{"name":"Scale"},{"name":"Quaternions"}]},{"opId":"89264e0a-512f-48a4-a7bb-ec8f12aa19c1","objName":"Ops.Gl.Meshes.SimpleWireframe","id":"d0fae222-b502-4de2-a57b-25255e46d90d","uiAttribs":{"history":{"createdAt":1634130187362,"createdBy":{"name":"xcrisnax"},"lastInteractionAt":1634130187362,"lastInteractionBy":{"name":"xcrisnax"}},"subPatch":0,"translate":{"x":-456,"y":460},"selected":false},"portsIn":[{"name":"Render","value":null},{"name":"Geometry","links":[{"portIn":"Geometry","portOut":"geometry","objIn":"d0fae222-b502-4de2-a57b-25255e46d90d","objOut":"72ff6164-48c5-4ced-a353-cc67ff76e7dd"}]}],"portsOut":[{"name":"Next","value":0}]},{"opId":"450b4d68-2278-4d9f-9849-0abdfa37ef69","objName":"Ops.Gl.Meshes.Sphere_v2","id":"72ff6164-48c5-4ced-a353-cc67ff76e7dd","uiAttribs":{"history":{"createdAt":1634130214136,"createdBy":{"name":"xcrisnax"},"lastInteractionAt":1634150195273,"lastInteractionBy":{"name":"xcrisnax"}},"subPatch":0,"translate":{"x":-132,"y":420},"selected":false},"portsIn":[{"name":"render","links":[{"portIn":"render","portOut":"trigger","objIn":"72ff6164-48c5-4ced-a353-cc67ff76e7dd","objOut":"e0f2580d-75a2-469c-bf27-d61fb68c1eb5"}]},{"name":"radius","value":0.47},{"name":"stacks","value":32},{"name":"slices","value":32},{"name":"Filloffset","value":1},{"name":"Render","value":false}],"portsOut":[{"name":"trigger","value":0},{"name":"geometry"}]},{"opId":"dbb27405-03b5-4b88-8f63-f9a6c639fc52","objName":"Ops.Deprecated.Gl.SurfaceScatterInstanced_v3","id":"586fbced-4c3e-447b-b854-91a51b468d5d","uiAttribs":{"translate":{"x":-180,"y":520},"subPatch":0,"notWorkingMsg":null,"selected":false,"history":{"lastInteractionAt":1634134613343,"lastInteractionBy":{"name":"xcrisnax"}}},"portsIn":[{"name":"Render","links":[{"portIn":"Render","portOut":"Next","objIn":"586fbced-4c3e-447b-b854-91a51b468d5d","objOut":"7167f84d-3837-4412-93b3-d7f697eb4b3b"}]},{"name":"draw","value":true},{"name":"Num","value":5000},{"name":"Geom Surface","links":[{"portIn":"Geom Surface","portOut":"geometry","objIn":"586fbced-4c3e-447b-b854-91a51b468d5d","objOut":"72ff6164-48c5-4ced-a353-cc67ff76e7dd"}]},{"name":"Geometry","links":[{"portIn":"Geometry","portOut":"geometry","objIn":"586fbced-4c3e-447b-b854-91a51b468d5d","objOut":"18c5d7cd-de66-4ab6-a89c-5c55247bec65"}]},{"name":"Distribution index","value":0},{"name":"Distribution","value":"Random Triangle Point"},{"name":"Selection index","value":0},{"name":"Selection","value":"Random"},{"name":"Random Seed","value":0.78},{"name":"Size min","value":0.2},{"name":"Size max","value":1},{"name":"Limit","value":false},{"name":"Limit Num","value":0},{"name":"Random Rotate","value":true}],"portsOut":[{"name":"Positions"}]},{"opId":"450b4d68-2278-4d9f-9849-0abdfa37ef69","objName":"Ops.Gl.Meshes.Sphere_v2","id":"18c5d7cd-de66-4ab6-a89c-5c55247bec65","uiAttribs":{"history":{"createdAt":1634131509663,"createdBy":{"name":"xcrisnax"},"lastInteractionAt":1634150125871,"lastInteractionBy":{"name":"xcrisnax"}},"subPatch":0,"translate":{"x":-12,"y":400},"selected":false},"portsIn":[{"name":"render","links":[{"portIn":"render","portOut":"trigger","objIn":"18c5d7cd-de66-4ab6-a89c-5c55247bec65","objOut":"e0f2580d-75a2-469c-bf27-d61fb68c1eb5"}]},{"name":"radius","value":0.08},{"name":"stacks","value":7.82},{"name":"slices","value":37.45},{"name":"Filloffset","value":0},{"name":"Render","value":true}],"portsOut":[{"name":"trigger","value":0},{"name":"geometry"}]},{"opId":"650baeb1-db2d-4781-9af6-ab4e9d4277be","objName":"Ops.Gl.Matrix.Transform","id":"a598bce5-ce34-4930-a158-2db31ac0cdfe","uiAttribs":{"history":{"createdAt":1634132032067,"createdBy":{"name":"xcrisnax"},"lastInteractionAt":1634132032067,"lastInteractionBy":{"name":"xcrisnax"}},"subPatch":0,"translate":{"x":144,"y":460},"selected":false},"portsIn":[{"name":"render","value":null},{"name":"posX","value":0},{"name":"posY","value":0},{"name":"posZ","value":0},{"name":"scale","value":1},{"name":"rotX","value":0},{"name":"rotY","value":0},{"name":"rotZ","value":0}],"portsOut":[{"name":"trigger","value":0}]},{"opId":"b44cc257-8d84-43af-a07c-c003957bf258","objName":"Ops.Gl.ShaderEffects.AreaScaler_v2","id":"d2bb429b-9b89-47f0-ba38-d960b5d4666e","uiAttribs":{"history":{"createdAt":1634132367502,"createdBy":{"name":"xcrisnax"},"lastInteractionAt":1634132439625,"lastInteractionBy":{"name":"xcrisnax"}},"subPatch":0,"translate":{"x":156,"y":320},"selected":false},"portsIn":[{"name":"render","value":null},{"name":"Area size","value":1},{"name":"Source index","value":0},{"name":"Source","value":"Vertex position"},{"name":"Strength","value":1},{"name":"Smoothstep","value":false},{"name":"Min Size Original","value":false},{"name":"Clamp size","value":false},{"name":"Clamp min","value":0},{"name":"Clamp max","value":1},{"name":"Pos X","value":0},{"name":"Pos Y","value":0},{"name":"Pos Z","value":0}],"portsOut":[{"name":"Next","value":0}]},{"opId":"a590b203-2b56-4e25-8f49-12c0f6549972","objName":"Ops.Gl.ShaderEffects.GrassWobble","id":"e0f2580d-75a2-469c-bf27-d61fb68c1eb5","uiAttribs":{"history":{"createdAt":1634132466567,"createdBy":{"name":"xcrisnax"},"lastInteractionAt":1634146624232,"lastInteractionBy":{"name":"xcrisnax"}},"subPatch":0,"translate":{"x":-12,"y":280},"selected":false},"portsIn":[{"name":"render","links":[{"portIn":"render","portOut":"Next","objIn":"e0f2580d-75a2-469c-bf27-d61fb68c1eb5","objOut":"7167f84d-3837-4412-93b3-d7f697eb4b3b"}]},{"name":"frequency","value":1.43},{"name":"mul","value":9.18}],"portsOut":[{"name":"trigger"}]},{"opId":"5103d14e-2f21-4f43-ae91-c1b55a944226","objName":"Ops.Devices.Mouse.MouseDrag","id":"caa6cd8a-a8cc-403f-8645-38cbaa05e00e","uiAttribs":{"history":{"createdAt":1634132756862,"createdBy":{"name":"xcrisnax"},"lastInteractionAt":1634132756862,"lastInteractionBy":{"name":"xcrisnax"}},"subPatch":0,"translate":{"x":156,"y":200},"selected":false},"portsIn":[{"name":"Active","value":true},{"name":"Speed","value":0.01},{"name":"Input Type index","value":0},{"name":"Input Type","value":"All"},{"name":"Area index","value":0},{"name":"Area","value":"Canvas"}],"portsOut":[{"name":"Delta X","value":0},{"name":"Delta Y","value":0.02},{"name":"Is Dragging","value":false}]},{"opId":"39486799-bdad-42d3-a300-4642c23578a8","objName":"Ops.Html.Cursor_v2","id":"72f6b9fe-325e-49b5-97b6-badf7ef82721","uiAttribs":{"history":{"createdAt":1634132842788,"createdBy":{"name":"xcrisnax"},"lastInteractionAt":1634132878633,"lastInteractionBy":{"name":"xcrisnax"}},"subPatch":0,"translate":{"x":108,"y":120},"selected":false},"portsIn":[{"name":"Update","value":null},{"name":"CSS Cursors index","value":2},{"name":"CSS Cursors","value":"pointer"}],"portsOut":[{"name":"Next","value":0}]},{"opId":"395bff14-d092-4e7e-a723-b6a69564add2","objName":"Ops.Gl.Matrix.ArrayPathFollow","id":"7c629ee9-93d6-4b2f-a0ef-8bf11f31e38e","uiAttribs":{"history":{"createdAt":1634132983530,"createdBy":{"name":"xcrisnax"},"lastInteractionAt":1634132983530,"lastInteractionBy":{"name":"xcrisnax"}},"subPatch":0,"translate":{"x":156,"y":260},"selected":false},"portsIn":[{"name":"exe","value":null},{"name":"array","value":0},{"name":"time","value":0.02},{"name":"duration","value":0.1},{"name":"offset","value":0},{"name":"look ahead","value":3}],"portsOut":[{"name":"trigger","value":0},{"name":"transform lookat","value":0},{"name":"index","value":0}]},{"opId":"a75265c2-957b-4719-9d03-7bbf00ace364","objName":"Ops.Gl.Meshes.LinesArray","id":"a23f30e5-7e33-45be-b695-8d6de7f5e2a2","uiAttribs":{"history":{"createdAt":1634133134893,"createdBy":{"name":"xcrisnax"},"lastInteractionAt":1634133134893,"lastInteractionBy":{"name":"xcrisnax"}},"subPatch":0,"translate":{"x":-432,"y":320},"selected":false},"portsIn":[{"name":"render","value":null},{"name":"width","value":10},{"name":"height","value":1},{"name":"Logarithmic","value":false},{"name":"pivot x index","value":0},{"name":"pivot x","value":"center"},{"name":"pivot y index","value":0},{"name":"pivot y","value":"center"},{"name":"num columns","value":10},{"name":"num rows","value":10},{"name":"axis index","value":0},{"name":"axis","value":"xy"}],"portsOut":[{"name":"trigger","value":0},{"name":"Point Arrays"}]},{"opId":"a590b203-2b56-4e25-8f49-12c0f6549972","objName":"Ops.Gl.ShaderEffects.GrassWobble","id":"a3c373b6-02e3-4e54-9e53-c6575068793a","uiAttribs":{"history":{"createdAt":1634132466567,"createdBy":{"name":"xcrisnax"},"lastInteractionAt":1634132648288,"lastInteractionBy":{"name":"xcrisnax"}},"subPatch":0,"translate":{"x":228,"y":-40},"selected":false},"portsIn":[{"name":"render","value":null},{"name":"frequency","value":1.43},{"name":"mul","value":3.02}],"portsOut":[{"name":"trigger","value":0}]},{"opId":"e450a850-7311-48b5-abfc-07ec1fea3b8e","objName":"Ops.TimeLine.TimeLineLoop","id":"d1234034-6d6c-4f5e-aec7-efae219b11f7","uiAttribs":{"history":{"createdAt":1634148113878,"createdBy":{"name":"xcrisnax"},"lastInteractionAt":1634148134577,"lastInteractionBy":{"name":"xcrisnax"}},"subPatch":0,"translate":{"x":180,"y":400},"selected":false},"portsIn":[{"name":"Execute","value":null},{"name":"duration","value":2}],"portsOut":[{"name":"trigger","value":0}]},{"opId":"081c4328-984d-4acd-8758-5d1379cc3a30","objName":"Ops.Html.BackgroundImage_v2","id":"99989e19-a2cd-417b-bc88-1c97d0c8bbb4","uiAttribs":{"history":{"createdAt":1634149015102,"createdBy":{"name":"xcrisnax"},"lastInteractionAt":1634149051143,"lastInteractionBy":{"name":"xcrisnax"}},"subPatch":0,"translate":{"x":-336,"y":380},"selected":false,"extendTitle":"beach"},"portsIn":[{"name":"Element","value":0},{"name":"active","value":true},{"name":"image file","value":"/assets/library/images/beach.jpg","display":"file"},{"name":"Size index","value":2},{"name":"Size","value":"cover"},{"name":"Repeat index","value":0},{"name":"Repeat","value":"no-repeat"},{"name":"Position index","value":7},{"name":"Position","value":"left top"}],"portsOut":[{"name":"HTML Element"}]},{"opId":"73c892c9-3e81-4ddc-952a-fbe6bf00ef2c","objName":"Ops.Trigger.TimedSequence","id":"7d15e7b1-a2b0-455f-9f18-c629cbab93ce","uiAttribs":{"history":{"createdAt":1634149786012,"createdBy":{"name":"xcrisnax"},"lastInteractionAt":1634149786012,"lastInteractionBy":{"name":"xcrisnax"}},"subPatch":0,"translate":{"x":-168,"y":-180},"selected":false},"portsIn":[{"name":"exe","links":[{"portIn":"exe","portOut":"trigger","objIn":"7d15e7b1-a2b0-455f-9f18-c629cbab93ce","objOut":"4ff7b23a-75dd-40af-94ab-5bdf27001fb9"}]},{"name":"current","value":0},{"name":"overwriteTime","value":false},{"name":"ignoreInSubPatch","value":false}],"portsOut":[{"name":"triggerAlways"},{"name":"Names"},{"name":"currentKeyTime","value":0},{"name":"Current","value":0},{"name":"trigger 0","value":0},{"name":"trigger 1","value":0},{"name":"trigger 2","value":0},{"name":"trigger 3","value":0},{"name":"trigger 4","value":0},{"name":"trigger 5","value":0},{"name":"trigger 6","value":0},{"name":"trigger 7","value":0},{"name":"trigger 8","value":0},{"name":"trigger 9","value":0},{"name":"trigger 10","value":0},{"name":"trigger 11","value":0},{"name":"trigger 12","value":0},{"name":"trigger 13","value":0},{"name":"trigger 14","value":0},{"name":"trigger 15","value":0},{"name":"trigger 16","value":0},{"name":"trigger 17","value":0},{"name":"trigger 18","value":0},{"name":"trigger 19","value":0},{"name":"trigger 20","value":0},{"name":"trigger 21","value":0},{"name":"trigger 22","value":0},{"name":"trigger 23","value":0},{"name":"trigger 24","value":0},{"name":"trigger 25","value":0},{"name":"trigger 26","value":0},{"name":"trigger 27","value":0},{"name":"trigger 28","value":0},{"name":"trigger 29","value":0},{"name":"trigger 30","value":0},{"name":"trigger 31","value":0}]}],"users":[],"userOps":[],"tags":["random","art"],"_id":"6166d7bca5e5837f1f1c66b9","name":"fallin ","userId":"61649b9556992277d2851016","created":"2021-10-13T12:57:32.548Z","updated":"2021-10-13T18:38:53.994Z","log":[],"__v":17,"shortId":"huHKVN","buildInfo":{"ui":{"timestamp":1632479512196,"created":"2021-09-24T10:31:52.196Z","git":{"branch":"master","commit":"6ad4f9ed4bc83674f20c62de0391b443ff0f6d87","date":"2021-09-21T11:43:16.000Z","message":"fixes"}},"host":"cables.gl"},"opsHash":"744e4a0df15020c271faa43876125a4696e38e77","ui":{"timeLineLength":20,"bookmarks":[],"viewBoxesGl":{"0":{"x":-100.5396567955817,"y":316.88125445332304,"z":336.9226395990705}},"subPatchViewBoxes":[],"renderer":{"w":640,"h":360,"s":1}},"updatedByUser":"xcrisnax","views":1,"cachedUsername":"xcrisnax","statsAdmin":{"filenameScreenshots":["_screenshots/screenshot.png","_screenshots/screenshot_1634132751430.png","_screenshots/screenshot_1634133561733.png","_screenshots/screenshot_1634134127401.png","_screenshots/screenshot_1634134132849.png","_screenshots/screenshot_1634134266972.png","_screenshots/screenshot_1634134415308.png","_screenshots/screenshot_1634134454806.png","_screenshots/screenshot_1634143199662.png","_screenshots/screenshot_1634145031800.png","_screenshots/screenshot_1634146746388.png","_screenshots/screenshot_1634147944512.png","_screenshots/screenshot_1634149445216.png","_screenshots/screenshot_1634150001028.png","_screenshots/screenshot_1634150334807.png","_screenshots/screenshot_1634150519827.png","_screenshots/screenshot_converted.jpg","_screenshots/screenshot_converted.webp"],"filenameExports":["_exports/cables_fallin3.zip","_exports/cables_new_project1.zip","_exports/cables_new_project2.zip"],"filenameAssets":["Stunning_Light_Prism_Series_by_Danny_Ivan.png","autumn_leaves_PNG3582.png"],"hasOldScreenshots":false,"hasOldExports":false,"sizeScreenshots":3806.240234375,"sizeExports":3026.8564453125,"sizeAssets":733.9296875},"deployments":{"lastDeployment":{"date":1634150752726,"service":"download"}},"exports":4,"description":"fallin october","namespace":"fall","published":"2021-10-13T18:45:00.999Z"}